Date,BAJFINANCE.NS,BAJAJFINSV.NS
2015-03-02,403.61285400390625,1446.1141357421875
2015-03-03,399.7857360839844,1479.6416015625
2015-03-04,398.22076416015625,1464.845458984375
2015-03-05,400.88909912109375,1523.531005859375
2015-03-09,389.1676330566406,1465.3438720703125
2015-03-10,386.1761169433594,1451.793212890625
2015-03-11,381.5779724121094,1453.0386962890625
2015-03-12,382.20587158203125,1474.2113037109375
2015-03-13,379.2604675292969,1495.4833984375
2015-03-16,369.7964782714844,1446.861328125
2015-03-17,372.4555969238281,1464.347412109375
2015-03-18,373.76214599609375,1429.5247802734375
2015-03-19,372.6033630371094,1404.61572265625
2015-03-20,371.2183837890625,1374.7747802734375
2015-03-23,368.67926025390625,1330.4368896484375
2015-03-24,366.3756408691406,1336.46484375
2015-03-25,364.5428466796875,1369.8428955078125
2015-03-26,365.31378173828125,1374.1768798828125
2015-03-27,365.7846984863281,1351.4102783203125
2015-03-30,369.2933044433594,1394.353271484375
2015-03-31,379.3389587402344,1409.3983154296875
2015-04-01,382.256591796875,1422.3509521484375
2015-04-06,391.5636291503906,1421.404296875
2015-04-07,400.82904052734375,1425.9876708984375
2015-04-08,414.494140625,1450.298828125
2015-04-09,415.920654296875,1459.31591796875
2015-04-10,417.53179931640625,1449.5513916015625
2015-04-13,411.22100830078125,1433.1614990234375
2015-04-15,411.42877197265625,1416.522216796875
2015-04-16,423.3348693847656,1429.375244140625
2015-04-17,418.2104797363281,1416.9705810546875
2015-04-20,420.8695983886719,1334.02392578125
2015-04-21,403.8021240234375,1340.6497802734375
2015-04-22,395.16912841796875,1319.7757568359375
2015-04-23,394.6844177246094,1356.64111328125
2015-04-24,382.2427673339844,1355.2960205078125
2015-04-27,368.8824157714844,1321.2205810546875
2015-04-28,370.0458068847656,1320.6226806640625
2015-04-29,368.35614013671875,1384.1405029296875
2015-04-30,373.4158935546875,1429.674072265625
2015-05-04,387.11328125,1445.81494140625
2015-05-05,396.1155090332031,1438.442138671875
2015-05-06,395.677001953125,1433.6097412109375
2015-05-07,385.9960021972656,1374.72509765625
2015-05-08,401.129150390625,1419.860107421875
2015-05-11,401.3738098144531,1436.897705078125
2015-05-12,400.8568115234375,1421.8525390625
2015-05-13,399.5272216796875,1427.8309326171875
2015-05-14,404.84552001953125,1436.897705078125
2015-05-15,414.00482177734375,1438.989990234375
2015-05-18,411.84881591796875,1454.2344970703125
2015-05-19,413.78778076171875,1460.909912109375
2015-05-20,415.3758850097656,1445.0677490234375
2015-05-21,422.6008605957031,1455.2308349609375
2015-05-22,416.13763427734375,1465.891845703125
2015-05-25,415.80059814453125,1476.1044921875
2015-05-26,413.9493713378906,1476.6026611328125
2015-05-27,407.3292236328125,1527.267333984375
2015-05-28,408.4925842285156,1524.2784423828125
2015-05-29,389.3199768066406,1521.538330078125
2015-06-01,404.4023132324219,1499.3197021484375
2015-06-02,395.6123352050781,1499.81787109375
2015-06-03,399.3194580078125,1511.0767822265625
2015-06-04,401.8493347167969,1524.626953125
2015-06-05,410.9347839355469,1509.6317138671875
2015-06-08,412.9706726074219,1496.2806396484375
2015-06-09,423.0947570800781,1557.4073486328125
2015-06-10,420.4033508300781,1545.5506591796875
2015-06-11,430.753662109375,1534.241943359375
2015-06-12,431.7831726074219,1495.732666015625
2015-06-15,435.3702392578125,1493.789794921875
2015-06-16,433.9714050292969,1489.5552978515625
2015-06-17,440.9931945800781,1494.8360595703125
2015-06-18,452.691650390625,1511.9234619140625
2015-06-19,476.25,1512.122802734375
2015-06-22,497.3246765136719,1511.4752197265625
2015-06-23,491.11993408203125,1520.0438232421875
2015-06-24,485.08148193359375,1496.43017578125
2015-06-25,497.1953430175781,1505.6962890625
2015-06-26,501.8904113769531,1495.134765625
2015-06-29,503.70013427734375,1509.0340576171875
2015-06-30,502.5968017578125,1526.52001953125
2015-07-01,507.656494140625,1551.92724609375
2015-07-02,503.26153564453125,1596.4644775390625
2015-07-03,513.4641723632812,1675.874267578125
2015-07-06,513.7550048828125,1712.988525390625
2015-07-07,513.177978515625,1759.568359375
2015-07-08,482.51470947265625,1752.7432861328125
2015-07-09,480.1671447753906,1704.22216796875
2015-07-10,480.4874267578125,1720.6285400390625
2015-07-13,487.24334716796875,1724.0694580078125
2015-07-14,485.99066162109375,1733.843505859375
2015-07-15,493.21038818359375,1763.2154541015625
2015-07-16,501.9266052246094,1736.187255859375
2015-07-17,495.2280578613281,1715.292724609375
2015-07-20,494.52520751953125,1698.78662109375
2015-07-21,488.3334045410156,1681.7318115234375
2015-07-22,490.68109130859375,1672.5562744140625
2015-07-23,491.53216552734375,1725.016845703125
2015-07-24,494.3913879394531,1722.323974609375
2015-07-27,499.9471130371094,1712.0015869140625
2015-07-28,510.5758972167969,1725.6654052734375
2015-07-29,520.157470703125,1808.8443603515625
2015-07-30,520.2578735351562,1828.29248046875
2015-07-31,527.0185546875,1840.809326171875
2015-08-03,543.3753051757812,1900.0020751953125
2015-08-04,538.0728759765625,2021.2799072265625
2015-08-05,531.8716430664062,1985.774169921875
2015-08-06,522.156005859375,1920.796875
2015-08-07,524.2789306640625,2004.7237548828125
2015-08-10,520.076171875,1998.04150390625
2015-08-11,521.3766479492188,2000.534912109375
2015-08-12,507.9509582519531,1981.5850830078125
2015-08-13,512.16796875,1930.2216796875
2015-08-14,517.4990844726562,1967.1236572265625
2015-08-17,516.3707275390625,1937.6519775390625
2015-08-18,516.1412353515625,1915.5108642578125
2015-08-19,515.5148315429688,1878.9578857421875
2015-08-20,507.5589904785156,1874.3702392578125
2015-08-21,511.05401611328125,1873.0235595703125
2015-08-24,465.77069091796875,1710.156494140625
2015-08-25,470.0499572753906,1703.7235107421875
2015-08-26,474.9938049316406,1709.458251953125
2015-08-27,487.6832275390625,1740.027099609375
2015-08-28,483.145751953125,1810.240478515625
2015-08-31,480.1527404785156,1805.00439453125
2015-09-01,471.91461181640625,1767.903076171875
2015-09-02,480.2244873046875,1780.51953125
2015-09-03,497.4607849121094,1845.2972412109375
2015-09-04,485.3547668457031,1823.904296875
2015-09-07,481.8596496582031,1745.861572265625
2015-09-08,479.2347106933594,1745.3629150390625
2015-09-09,482.9019470214844,1806.350830078125
2015-09-10,483.3561706542969,1800.4664306640625
2015-09-11,481.6492614746094,1785.506103515625
2015-09-14,492.3592529296875,1876.5643310546875
2015-09-15,500.5973815917969,1857.3653564453125
2015-09-16,497.26007080078125,1837.5677490234375
2015-09-18,474.8359680175781,1829.638916015625
2015-09-21,471.9958801269531,1781.2176513671875
2015-09-22,461.046875,1780.020751953125
2015-09-23,463.2940673828125,1758.9766845703125
2015-09-24,465.5125427246094,1740.2762451171875
2015-09-28,461.1759338378906,1726.2138671875
2015-09-29,488.735107421875,1719.3819580078125
2015-09-30,490.6763000488281,1724.917236328125
2015-10-01,488.4100036621094,1757.929443359375
2015-10-05,497.97247314453125,1794.632080078125
2015-10-06,493.9418640136719,1777.2281494140625
2015-10-07,489.61004638671875,1768.55126953125
2015-10-08,482.0891418457031,1765.908203125
2015-10-09,477.7764587402344,1789.6949462890625
2015-10-12,474.6256103515625,1786.702880859375
2015-10-13,475.8926696777344,1753.541015625
2015-10-14,472.37841796875,1751.39697265625
2015-10-15,476.6289978027344,1742.0716552734375
2015-10-16,477.9342041015625,1765.609130859375
2015-10-19,479.6029357910156,1783.7608642578125
2015-10-20,507.8505859375,1819.3162841796875
2015-10-21,512.364013671875,1844.39990234375
2015-10-23,504.2358703613281,1824.5025634765625
2015-10-26,507.5684509277344,1900.500732421875
2015-10-27,508.8019714355469,1979.590576171875
2015-10-28,498.0394287109375,1973.6063232421875
2015-10-29,493.6263732910156,1958.8955078125
2015-10-30,499.38775634765625,1962.78515625
2015-11-02,499.4689636230469,1970.1656494140625
2015-11-03,502.3569030761719,1974.1551513671875
2015-11-04,511.1114196777344,1949.0716552734375
2015-11-05,509.2657470703125,1953.75927734375
2015-11-06,506.5595703125,1972.80859375
2015-11-09,511.22613525390625,1955.9034423828125
2015-11-10,510.8483581542969,1906.385009765625
2015-11-13,507.8314514160156,1922.2430419921875
2015-11-16,504.1451110839844,1908.03076171875
2015-11-17,500.157470703125,1917.605224609375
2015-11-18,504.4989318847656,1926.132568359375
2015-11-19,518.001220703125,1927.279541015625
2015-11-20,520.9894409179688,1929.5733642578125
2015-11-23,525.6320190429688,1954.6070556640625
2015-11-24,530.2219848632812,1967.572509765625
2015-11-26,530.76708984375,1969.9661865234375
2015-11-27,533.5259399414062,1963.2840576171875
2015-11-30,529.8585815429688,1917.056884765625
2015-12-01,535.864013671875,1985.873779296875
2015-12-02,532.88525390625,2034.4447021484375
2015-12-03,530.3511352539062,2021.1800537109375
2015-12-04,520.8795166015625,2004.324951171875
2015-12-07,523.7099609375,1926.980224609375
2015-12-08,529.4953002929688,1905.13818359375
2015-12-09,526.3635864257812,1869.0841064453125
2015-12-10,529.5478515625,1917.605224609375
2015-12-11,528.2904663085938,1895.6136474609375
2015-12-14,520.0044555664062,1900.4508056640625
2015-12-15,536.064697265625,1886.5379638671875
2015-12-16,536.2894897460938,1921.4451904296875
2015-12-17,548.5820922851562,1950.916748046875
2015-12-18,555.9451904296875,1915.959716796875
2015-12-21,561.3001708984375,1934.310791015625
2015-12-22,563.7530517578125,1925.9332275390625
2015-12-23,565.2877807617188,1930.8701171875
2015-12-24,564.274169921875,1921.6944580078125
2015-12-28,564.7952880859375,1916.906982421875
2015-12-29,572.4500732421875,1919.9490966796875
2015-12-30,571.283447265625,1941.142822265625
2015-12-31,574.7020874023438,1982.632568359375
2016-01-01,582.9161987304688,1978.54345703125
2016-01-04,578.76611328125,1954.3077392578125
2016-01-05,573.5450439453125,1940.8433837890625
2016-01-06,584.00634765625,1933.413330078125
2016-01-07,583.91552734375,1921.9437255859375
2016-01-08,603.82470703125,1995.099365234375
2016-01-11,603.0309448242188,1938.25048828125
2016-01-12,593.7171020507812,1952.31298828125
2016-01-13,581.1950073242188,1982.18359375
2016-01-14,581.008544921875,1943.7357177734375
2016-01-15,571.3887329101562,1900.4508056640625
2016-01-18,526.2440795898438,1827.0458984375
2016-01-19,539.7941284179688,1843.9010009765625
2016-01-20,539.2681884765625,1847.341796875
2016-01-21,549.0841064453125,1841.8565673828125
2016-01-22,556.6002197265625,1886.787109375
2016-01-25,560.0093383789062,1919.3505859375
2016-01-27,567.721435546875,1887.5350341796875
2016-01-28,552.3353271484375,1869.18408203125
2016-01-29,566.9038696289062,1856.717041015625
2016-02-01,574.0518188476562,1858.612060546875
2016-02-02,555.7156982421875,1813.2823486328125
2016-02-03,610.064208984375,1873.5723876953125
2016-02-04,606.635986328125,1875.8162841796875
2016-02-05,640.5304565429688,1903.542724609375
2016-02-08,636.8775024414062,1830.736083984375
2016-02-09,629.6004638671875,1779.4722900390625
2016-02-10,619.5167236328125,1784.85791015625
2016-02-11,590.8865966796875,1692.054443359375
2016-02-12,573.4398193359375,1696.5426025390625
2016-02-15,593.8270874023438,1718.8831787109375
2016-02-16,574.8407592773438,1699.2852783203125
2016-02-17,584.3601684570312,1696.6422119140625
2016-02-18,589.4283447265625,1716.3897705078125
2016-02-19,578.3501586914062,1668.6666259765625
2016-02-22,573.9849243164062,1625.9801025390625
2016-02-23,563.695556640625,1611.568359375
2016-02-24,555.9835205078125,1611.6678466796875
2016-02-25,550.12158203125,1596.109375
2016-02-26,555.43359375,1597.406005859375
2016-02-29,567.2528686523438,1607.6287841796875
2016-03-01,593.7219848632812,1685.8211669921875
2016-03-02,609.2178955078125,1713.4476318359375
2016-03-03,593.6119995117188,1670.760986328125
2016-03-04,605.7420043945312,1666.073486328125
2016-03-08,601.7735595703125,1665.3255615234375
2016-03-09,614.2764282226562,1673.7530517578125
2016-03-10,612.4691772460938,1683.3775634765625
2016-03-11,612.0388793945312,1641.6383056640625
2016-03-14,623.1649169921875,1640.5911865234375
2016-03-15,619.0911865234375,1657.1473388671875
2016-03-16,637.6025390625,1642.32080078125
2016-03-17,647.35986328125,1649.1099853515625
2016-03-18,652.3614501953125,1646.763916015625
2016-03-21,654.4860229492188,1646.9136962890625
2016-03-22,649.9171752929688,1661.8896484375
2016-03-23,676.1448364257812,1722.04345703125
2016-03-28,659.0302734375,1682.1572265625
2016-03-29,654.7565307617188,1664.2359619140625
2016-03-30,667.6416015625,1693.8385009765625
2016-03-31,681.057861328125,1708.365234375
2016-04-01,676.4694213867188,1743.9583740234375
2016-04-04,675.7021484375,1748.5009765625
2016-04-05,671.1629028320312,1746.0050048828125
2016-04-06,683.3595581054688,1762.6282958984375
2016-04-07,686.8070678710938,1761.0308837890625
2016-04-08,701.6495361328125,1747.1031494140625
2016-04-11,707.5216674804688,1775.158203125
2016-04-12,721.5181884765625,1775.70751953125
2016-04-13,730.8525390625,1818.289306640625
2016-04-18,719.3936157226562,1868.608642578125
2016-04-20,709.5084838867188,1878.742431640625
2016-04-21,687.190673828125,1843.448974609375
2016-04-22,685.6807861328125,1844.547119140625
2016-04-25,674.1431884765625,1838.207275390625
2016-04-26,688.9463500976562,1866.0128173828125
2016-04-27,683.1726684570312,1876.595947265625
2016-04-28,685.2825317382812,1839.455322265625
2016-04-29,671.708740234375,1872.3526611328125
2016-05-02,693.8053588867188,1937.7978515625
2016-05-03,687.09228515625,1944.68701171875
2016-05-04,684.0136108398438,1890.4237060546875
2016-05-05,703.8134155273438,1885.032470703125
2016-05-06,714.5297241210938,1870.15625
2016-05-09,725.7623901367188,1877.14501953125
2016-05-10,729.072265625,1855.8291015625
2016-05-11,736.0114135742188,1870.1063232421875
2016-05-12,754.4343872070312,1890.0244140625
2016-05-13,750.1064453125,1864.2657470703125
2016-05-16,764.3637084960938,1854.9307861328125
2016-05-17,763.1145629882812,1854.08203125
2016-05-18,761.5554809570312,1856.078857421875
2016-05-19,761.127685546875,1850.4876708984375
2016-05-20,764.3046875,1801.91552734375
2016-05-23,752.8162841796875,1803.263427734375
2016-05-24,750.0474243164062,1759.4334716796875
2016-05-25,721.6903076171875,1786.4901123046875
2016-05-26,733.6016845703125,1789.28564453125
2016-05-27,754.2129516601562,1832.7659912109375
2016-05-30,751.80810546875,1836.210693359375
2016-05-31,746.4327392578125,1817.740234375
2016-06-01,751.704833984375,1795.675537109375
2016-06-02,783.3914184570312,1848.44091796875
2016-06-03,776.9979858398438,1852.833984375
2016-06-06,764.6588134765625,1863.017578125
2016-06-07,756.1162719726562,1873.75048828125
2016-06-08,762.086669921875,1857.2269287109375
2016-06-09,759.234375,1837.4085693359375
2016-06-10,747.1065063476562,1809.2537841796875
2016-06-13,737.7575073242188,1769.0181884765625
2016-06-14,736.901611328125,1870.9051513671875
2016-06-15,752.5703735351562,1943.788330078125
2016-06-16,747.16552734375,2040.6832275390625
2016-06-17,740.6639404296875,2052.86376953125
2016-06-20,741.6179809570312,2004.640869140625
2016-06-21,748.12939453125,2009.8326416015625
2016-06-22,747.44091796875,2022.362548828125
2016-06-23,757.0653686523438,1999.6988525390625
2016-06-24,746.3638305664062,2074.3291015625
2016-06-27,756.9375,2178.41259765625
2016-06-28,757.0407104492188,2192.590087890625
2016-06-29,755.9736328125,2294.427001953125
2016-06-30,786.5537109375,2317.8896484375
2016-07-01,803.323974609375,2351.036376953125
2016-07-04,806.9780883789062,2347.9912109375
2016-07-05,803.5994262695312,2310.950439453125
2016-07-07,796.286376953125,2320.086181640625
2016-07-08,807.3174438476562,2302.3642578125
2016-07-11,842.6973876953125,2355.379150390625
2016-07-12,848.5646362304688,2425.2177734375
2016-07-13,843.4647827148438,2358.075439453125
2016-07-14,859.812744140625,2393.46875
2016-07-15,862.7779541015625,2426.316162109375
2016-07-18,872.75927734375,2456.617431640625
2016-07-19,857.125244140625,2494.357177734375
2016-07-20,856.8326416015625,2550.11767578125
2016-07-21,863.5513916015625,2604.530517578125
2016-07-22,876.4384765625,2595.69482421875
2016-07-25,890.9022827148438,2595.79443359375
2016-07-26,976.6539916992188,2710.710693359375
2016-07-27,971.2095947265625,2609.971923828125
2016-07-28,1023.10986328125,2660.790771484375
2016-07-29,1028.6534423828125,2719.54638671875
2016-08-01,1113.2943115234375,2824.228759765625
2016-08-02,1085.31884765625,2721.7431640625
2016-08-03,992.2483520507812,2641.27197265625
2016-08-04,988.6881713867188,2664.3349609375
2016-08-05,1001.0842895507812,2665.43310546875
2016-08-08,995.0945434570312,2637.82763671875
2016-08-09,1009.5236206054688,2600.586669921875
2016-08-10,991.5244140625,2691.191650390625
2016-08-11,992.4169311523438,2756.137939453125
2016-08-12,1007.0048217773438,2766.421630859375
2016-08-16,1011.8838500976562,2745.804443359375
2016-08-17,1012.3995971679688,2712.4580078125
2016-08-18,1005.0411987304688,2707.365966796875
2016-08-19,1009.8508911132812,2694.58642578125
2016-08-22,1008.1649780273438,2713.656005859375
2016-08-23,995.7291870117188,2678.11279296875
2016-08-24,997.0084838867188,2707.06640625
2016-08-25,1020.4124145507812,2683.95361328125
2016-08-26,1039.383544921875,2803.51220703125
2016-08-29,1065.435302734375,2811.39892578125
2016-08-30,1068.7872314453125,2839.95361328125
2016-08-31,1091.9630126953125,2962.5576171875
2016-09-01,1106.8087158203125,3025.706787109375
2016-09-02,1104.7261962890625,3047.621337890625
2016-09-06,1117.2215576171875,3068.587646484375
2016-09-07,1129.8656005859375,3052.463623046875
2016-09-08,1153.1407470703125,3124.3984375
2016-09-09,1143.9676513671875,3029.55029296875
2016-09-12,1085.308837890625,2938.196533203125
2016-09-14,1091.9036865234375,2898.759765625
2016-09-15,1089.8704833984375,2961.409423828125
2016-09-16,1078.8131103515625,2890.423095703125
2016-09-19,1066.96240234375,2959.262939453125
2016-09-20,1066.1195068359375,3091.25146484375
2016-09-21,1061.359375,3169.87548828125
2016-09-22,1118.5799560546875,3248.998779296875
2016-09-23,1117.1422119140625,3289.384033203125
2016-09-26,1113.4730224609375,3281.74658203125
2016-09-27,1089.4739990234375,3267.41943359375
2016-09-28,1096.91162109375,3229.47998046875
2016-09-29,1028.534423828125,3100.736083984375
2016-09-30,1047.128662109375,3064.64404296875
2016-10-03,1077.6728515625,3189.544189453125
2016-10-04,1074.7474365234375,3194.73583984375
2016-10-05,1065.326171875,3149.60791015625
2016-10-06,1068.30126953125,3154.400390625
2016-10-07,1073.507568359375,3144.816162109375
2016-10-10,1065.028564453125,3114.91357421875
2016-10-13,1045.19482421875,3112.617431640625
2016-10-14,1052.4837646484375,3169.87548828125
2016-10-17,1069.887939453125,3191.890625
2016-10-18,1108.068115234375,3320.68408203125
2016-10-19,1109.5556640625,3355.827880859375
2016-10-20,1112.0845947265625,3331.966064453125
2016-10-21,1124.87744140625,3270.165283203125
2016-10-24,1119.5716552734375,3215.80224609375
2016-10-25,1132.2156982421875,3243.408203125
2016-10-26,1138.8603515625,3322.631103515625
2016-10-27,1095.6224365234375,3262.82666015625
2016-10-28,1063.640380859375,3377.792724609375
2016-11-01,1051.9879150390625,3453.371826171875
2016-11-02,1011.3781127929688,3367.159912109375
2016-11-03,1022.2867431640625,3342.3994140625
2016-11-04,984.89990234375,3191.5908203125
2016-11-07,982.1727905273438,3136.42919921875
2016-11-08,975.5285034179688,3067.139892578125
2016-11-09,921.4315795898438,3027.60302734375
2016-11-10,921.481201171875,3084.51220703125
2016-11-11,850.9718017578125,3017.0205078125
2016-11-15,808.2794189453125,2823.33056640625
2016-11-16,892.3253173828125,2919.776123046875
2016-11-17,863.9133911132812,2913.486083984375
2016-11-18,871.1031494140625,2938.495849609375
2016-11-21,825.2869873046875,2841.15185546875
2016-11-22,850.87255859375,2896.91259765625
2016-11-23,843.1869506835938,2926.46533203125
2016-11-24,813.8825073242188,2944.736083984375
2016-11-25,870.6073608398438,2965.402587890625
2016-11-28,871.946044921875,2937.197998046875
2016-11-29,899.7135009765625,2933.404052734375
2016-11-30,912.1591796875,2985.221435546875
2016-12-01,906.6057739257812,2934.602294921875
2016-12-02,879.1358642578125,2972.890625
2016-12-05,894.7549438476562,3026.804443359375
2016-12-06,890.58984375,2994.206787109375
2016-12-07,883.6480712890625,2952.4736328125
2016-12-08,903.9777221679688,2990.6123046875
2016-12-09,888.9039916992188,2992.359375
2016-12-12,836.5922241210938,2970.494873046875
2016-12-13,829.7991333007812,2870.20556640625
2016-12-14,841.6994018554688,2771.313720703125
2016-12-15,846.7074584960938,2706.41748046875
2016-12-16,843.732421875,2825.27734375
2016-12-19,816.064208984375,2728.43212890625
2016-12-20,799.106201171875,2690.343017578125
2016-12-21,782.049072265625,2655.64892578125
2016-12-22,759.0418090820312,2546.0244140625
2016-12-23,802.2300415039062,2616.2119140625
2016-12-26,803.2713012695312,2613.666259765625
2016-12-27,803.0234985351562,2739.1650390625
2016-12-28,813.3866577148438,2796.273681640625
2016-12-29,826.4273071289062,2867.609375
2016-12-30,835.2037963867188,2890.223388671875
2017-01-02,862.822509765625,2944.935546875
2017-01-03,876.6566162109375,3011.82861328125
2017-01-04,864.6572265625,2956.117919921875
2017-01-05,892.2757568359375,3013.625732421875
2017-01-06,871.1527099609375,2973.789306640625
2017-01-09,870.9544067382812,2987.866943359375
2017-01-10,892.2757568359375,3005.339111328125
2017-01-11,888.7056884765625,3013.675537109375
2017-01-12,883.7968139648438,3013.775634765625
2017-01-13,892.5732421875,3014.774169921875
2017-01-16,910.07666015625,3007.785400390625
2017-01-17,906.7545166015625,3014.87353515625
2017-01-18,922.6216430664062,3041.780517578125
2017-01-19,918.6051635742188,3149.7080078125
2017-01-20,900.1597290039062,3059.10302734375
2017-01-23,921.9274291992188,3058.5537109375
2017-01-24,922.0265502929688,3123.799560546875
2017-01-25,991.5442504882812,3164.6337890625
2017-01-27,987.5774536132812,3164.33447265625
2017-01-30,1046.0379638671875,3200.32666015625
2017-01-31,1028.28662109375,3240.662353515625
2017-02-01,1057.29345703125,3323.080322265625
2017-02-02,1045.3931884765625,3456.56689453125
2017-02-03,1038.649658203125,3414.484130859375
2017-02-06,1064.78076171875,3716.0009765625
2017-02-07,1052.1365966796875,3685.350341796875
2017-02-08,1040.732177734375,3657.1455078125
2017-02-09,1032.2037353515625,3571.282958984375
2017-02-10,1046.682373046875,3625.146484375
2017-02-13,1050.1531982421875,3631.43701171875
2017-02-14,1050.6988525390625,3587.15771484375
2017-02-15,1031.7574462890625,3622.55078125
2017-02-16,1085.25927734375,3665.33251953125
2017-02-17,1080.4495849609375,3679.609619140625
2017-02-20,1086.79638671875,3635.929931640625
2017-02-21,1086.79638671875,3618.307861328125
2017-02-22,1067.3095703125,3744.206298828125
2017-02-23,1059.326416015625,3841.05126953125
2017-02-27,1082.5321044921875,3830.468017578125
2017-02-28,1098.9940185546875,3907.89404296875
2017-03-01,1066.9129638671875,3917.578857421875
2017-03-02,1040.0380859375,3869.305908203125
2017-03-03,1037.558837890625,3755.737548828125
2017-03-06,1025.361083984375,3811.5986328125
2017-03-07,1043.65771484375,3799.018798828125
2017-03-08,1072.218505859375,3825.925537109375
2017-03-09,1078.16845703125,3798.76904296875
2017-03-10,1085.4080810546875,3819.934814453125
2017-03-14,1117.340576171875,3924.967041015625
2017-03-15,1125.1253662109375,3932.35498046875
2017-03-16,1153.8348388671875,4033.59326171875
2017-03-17,1149.6697998046875,3962.75634765625
2017-03-20,1162.809814453125,3959.4619140625
2017-03-21,1164.7930908203125,4050.965087890625
2017-03-22,1150.0662841796875,4101.28466796875
2017-03-23,1175.89990234375,4141.86962890625
2017-03-24,1167.272216796875,4122.75048828125
2017-03-27,1175.15625,4038.335205078125
2017-03-28,1184.8251953125,4084.2119140625
2017-03-29,1170.94140625,4056.156982421875
2017-03-30,1171.239013671875,4054.110107421875
2017-03-31,1161.3717041015625,4091.849609375
2017-04-03,1171.93310546875,4091.699951171875
2017-04-05,1163.35498046875,4122.201171875
2017-04-06,1188.1473388671875,4171.67236328125
2017-04-07,1191.6181640625,4219.44580078125
2017-04-10,1230.443115234375,4366.0107421875
2017-04-11,1245.5167236328125,4367.85791015625
2017-04-12,1255.681640625,4495.7529296875
2017-04-13,1263.3177490234375,4604.52880859375
2017-04-17,1249.0869140625,4486.2685546875
2017-04-18,1225.7822265625,4362.41650390625
2017-04-19,1232.624755859375,4333.11328125
2017-04-20,1241.5997314453125,4348.43896484375
2017-04-21,1236.591552734375,4297.1708984375
2017-04-24,1261.1854248046875,4364.76318359375
2017-04-25,1330.554443359375,4517.119140625
2017-04-26,1298.8203125,4526.95263671875
2017-04-27,1275.0196533203125,4517.5185546875
2017-04-28,1265.5986328125,4568.33740234375
2017-05-02,1258.0616455078125,4558.85205078125
2017-05-03,1259.54931640625,4555.60693359375
2017-05-04,1285.779541015625,4562.296875
2017-05-05,1263.664794921875,4421.322265625
2017-05-08,1261.43359375,4413.88427734375
2017-05-09,1275.4163818359375,4371.4521484375
2017-05-10,1315.9766845703125,4384.431640625
2017-05-11,1328.571044921875,4488.6142578125
2017-05-12,1303.828369140625,4388.52490234375
2017-05-15,1321.877197265625,4543.67626953125
2017-05-16,1336.55419921875,4560.2001953125
2017-05-17,1313.794921875,4479.57861328125
2017-05-18,1303.630126953125,4312.0966796875
2017-05-19,1278.441162109375,4163.23583984375
2017-05-22,1231.8314208984375,3957.8642578125
2017-05-23,1223.501220703125,3976.68408203125
2017-05-24,1214.1793212890625,3947.630615234375
2017-05-25,1248.3927001953125,3990.7119140625
2017-05-26,1306.8531494140625,4000.945068359375
2017-05-29,1296.5889892578125,3991.66015625
2017-05-30,1310.57177734375,4147.85986328125
2017-05-31,1315.9268798828125,4185.30029296875
2017-06-01,1316.32373046875,4198.87841796875
2017-06-02,1349.9420166015625,4298.91845703125
2017-06-05,1351.7767333984375,4297.87060546875
2017-06-06,1325.54638671875,4237.31689453125
2017-06-07,1331.9925537109375,4247.3505859375
2017-06-08,1350.3883056640625,4273.1591796875
2017-06-09,1365.4124755859375,4235.42041015625
2017-06-12,1353.611328125,4146.0126953125
2017-06-13,1360.10693359375,4170.1748046875
2017-06-14,1349.6943359375,4121.80126953125
2017-06-15,1393.5765380859375,4091.849609375
2017-06-16,1398.584716796875,4192.98779296875
2017-06-19,1388.221435546875,4235.669921875
2017-06-20,1397.8905029296875,4257.5849609375
2017-06-21,1404.8819580078125,4261.57763671875
2017-06-22,1390.1552734375,4213.25537109375
2017-06-23,1389.114013671875,4094.744384765625
2017-06-27,1338.7359619140625,4029.599365234375
2017-06-28,1360.9498291015625,4101.583984375
2017-06-29,1364.8671875,4092.19921875
2017-06-30,1361.6937255859375,4112.1171875
2017-07-03,1375.6268310546875,4124.0986328125
2017-07-04,1368.090087890625,4126.0947265625
2017-07-05,1386.9322509765625,4142.6181640625
2017-07-06,1391.25732421875,4146.6142578125
2017-07-07,1383.7008056640625,4111.05615234375
2017-07-10,1404.6796875,4098.17041015625
2017-07-11,1411.0428466796875,4118.34716796875
2017-07-12,1435.402099609375,4224.32177734375
2017-07-13,1477.359375,4359.41259765625
2017-07-14,1490.781982421875,4394.72119140625
2017-07-17,1529.6571044921875,4441.06640625
2017-07-18,1503.657470703125,4414.34814453125
2017-07-19,1532.9879150390625,4559.12744140625
2017-07-20,1586.180419921875,4673.79248046875
2017-07-21,1612.031005859375,4904.62060546875
2017-07-24,1588.2186279296875,4944.1240234375
2017-07-25,1618.1456298828125,4952.6640625
2017-07-26,1677.4527587890625,4949.61767578125
2017-07-27,1669.697509765625,4928.642578125
2017-07-28,1691.5711669921875,4920.50146484375
2017-07-31,1693.3111572265625,4985.974609375
2017-08-01,1706.385498046875,5061.28564453125
2017-08-02,1697.387451171875,4996.46240234375
2017-08-03,1691.9688720703125,5109.029296875
2017-08-04,1713.5440673828125,5301.90185546875
2017-08-07,1787.81494140625,5426.6552734375
2017-08-08,1769.5704345703125,5329.8193359375
2017-08-09,1687.942138671875,5115.87158203125
2017-08-10,1626.198974609375,5018.8359375
2017-08-11,1685.6552734375,4986.1240234375
2017-08-14,1701.0662841796875,5215.9033203125
2017-08-16,1711.4561767578125,5350.4951171875
2017-08-17,1718.8135986328125,5298.20751953125
2017-08-18,1695.150390625,5303.2509765625
2017-08-21,1680.8828125,5210.7099609375
2017-08-22,1673.227294921875,5228.43896484375
2017-08-23,1769.0732421875,5345.00146484375
2017-08-24,1749.9833984375,5499.76953125
2017-08-28,1819.4320068359375,5571.43505859375
2017-08-29,1763.2071533203125,5436.5439453125
2017-08-30,1777.77294921875,5483.18896484375
2017-08-31,1771.658203125,5496.37353515625
2017-09-01,1789.6043701171875,5488.83154296875
2017-09-04,1790.9964599609375,5370.9208984375
2017-09-05,1784.0863037109375,5389.548828125
2017-09-06,1848.2652587890625,5449.7275390625
2017-09-07,1951.916015625,5617.1806640625
2017-09-08,1880.3299560546875,5588.1650390625
2017-09-11,1909.411865234375,5726.5517578125
2017-09-12,1883.5115966796875,5672.2158203125
2017-09-13,1896.188232421875,5716.6142578125
2017-09-14,1898.9224853515625,5673.9140625
2017-09-15,1891.8135986328125,5667.87109375
2017-09-18,1900.662353515625,5619.82763671875
2017-09-19,1900.8115234375,5644.5986328125
2017-09-20,1893.9512939453125,5596.30517578125
2017-09-21,1908.46728515625,5479.8427734375
2017-09-22,1852.4412841796875,5225.4921875
2017-09-25,1785.6771240234375,5104.5849609375
2017-09-26,1829.523681640625,5164.4140625
2017-09-27,1796.3653564453125,5065.380859375
2017-09-28,1832.2576904296875,5037.8134765625
2017-09-29,1827.4854736328125,5148.3837890625
2017-10-03,1857.064453125,5319.1826171875
2017-10-04,1851.944091796875,5268.2919921875
2017-10-05,1855.4735107421875,5252.5107421875
2017-10-06,1912.543701171875,5291.71435546875
2017-10-09,1930.14208984375,5299.55517578125
2017-10-10,1939.58740234375,5327.3720703125
2017-10-11,1912.4940185546875,5294.96044921875
2017-10-12,1941.9239501953125,5385.80322265625
2017-10-13,1941.8245849609375,5368.9228515625
2017-10-16,1875.4581298828125,5347.99755859375
2017-10-17,1856.3685302734375,5350.4453125
2017-10-18,1857.7603759765625,5308.79345703125
2017-10-19,1835.2904052734375,5299.85498046875
2017-10-23,1823.2100830078125,5281.07666015625
2017-10-24,1815.554443359375,5246.6171875
2017-10-25,1716.427490234375,4991.11865234375
2017-10-26,1736.7100830078125,4976.13623046875
2017-10-27,1808.5450439453125,5028.02490234375
2017-10-30,1793.929443359375,4988.970703125
2017-10-31,1790.250732421875,5004.45263671875
2017-11-01,1796.3653564453125,5016.6884765625
2017-11-02,1799.7955322265625,4976.2861328125
2017-11-03,1826.3917236328125,5026.6767578125
2017-11-06,1811.527587890625,5003.7041015625
2017-11-07,1792.1895751953125,4975.1376953125
2017-11-08,1765.4937744140625,5016.78857421875
2017-11-09,1742.9241943359375,5000.85693359375
2017-11-10,1734.97021484375,5021.533203125
2017-11-13,1718.8135986328125,4992.466796875
2017-11-14,1744.8134765625,5008.498046875
2017-11-15,1703.9495849609375,4896.87939453125
2017-11-16,1754.109619140625,4978.8828125
2017-11-17,1777.0767822265625,5123.7119140625
2017-11-20,1794.8739013671875,5167.46044921875
2017-11-21,1799.34814453125,5200.072265625
2017-11-22,1763.7537841796875,5170.2578125
2017-11-23,1753.51318359375,5127.55810546875
2017-11-24,1779.7115478515625,5154.5263671875
2017-11-27,1763.0579833984375,5145.78662109375
2017-11-28,1756.247314453125,5234.0322265625
2017-11-29,1746.205322265625,5299.35546875
2017-11-30,1717.12353515625,5207.962890625
2017-12-01,1701.76220703125,5092.84912109375
2017-12-04,1666.3170166015625,5050.84814453125
2017-12-05,1697.5863037109375,4997.7607421875
2017-12-06,1661.8428955078125,4958.806640625
2017-12-07,1666.6651611328125,5064.23291015625
2017-12-08,1692.466064453125,5119.06787109375
2017-12-11,1697.984130859375,5100.28955078125
2017-12-12,1689.4832763671875,5103.68603515625
2017-12-13,1662.1910400390625,5050.19873046875
2017-12-14,1676.1602783203125,5110.22802734375
2017-12-15,1719.65869140625,5164.2646484375
2017-12-18,1746.7520751953125,5204.466796875
2017-12-19,1747.64697265625,5273.28564453125
2017-12-20,1760.224365234375,5306.447265625
2017-12-21,1738.0028076171875,5347.048828125
2017-12-22,1772.2049560546875,5421.76123046875
2017-12-26,1779.2144775390625,5397.18994140625
2017-12-27,1760.7711181640625,5320.03125
2017-12-28,1745.0618896484375,5299.50537109375
2017-12-29,1746.6029052734375,5224.244140625
2018-01-01,1715.7315673828125,5165.7626953125
2018-01-02,1714.7373046875,5095.095703125
2018-01-03,1705.44091796875,5093.4482421875
2018-01-04,1743.9185791015625,5056.5908203125
2018-01-05,1804.07080078125,5121.16552734375
2018-01-08,1826.2923583984375,5215.1044921875
2018-01-09,1809.0421142578125,5150.33056640625
2018-01-10,1791.841552734375,5193.43017578125
2018-01-11,1770.1170654296875,5140.34228515625
2018-01-12,1759.926025390625,5051.34716796875
2018-01-15,1728.15966796875,5004.45263671875
2018-01-16,1677.6514892578125,4950.9658203125
2018-01-17,1691.4219970703125,4959.05615234375
2018-01-18,1651.15478515625,4916.80615234375
2018-01-19,1692.1180419921875,4967.1962890625
2018-01-22,1696.5423583984375,5045.5048828125
2018-01-23,1698.87890625,5008.69775390625
2018-01-24,1729.1539306640625,5008.54833984375
2018-01-25,1700.4697265625,4927.24365234375
2018-01-29,1705.44091796875,4906.61767578125
2018-01-30,1668.7530517578125,4869.9111328125
2018-01-31,1668.206298828125,4806.68603515625
2018-02-01,1719.509521484375,5032.4697265625
2018-02-02,1619.5377197265625,4929.94091796875
2018-02-05,1595.7252197265625,4912.21142578125
2018-02-06,1652.596435546875,4898.82763671875
2018-02-07,1632.2142333984375,5006.150390625
2018-02-08,1652.596435546875,5051.2978515625
2018-02-09,1629.977294921875,5053.39501953125
2018-02-12,1634.3519287109375,5229.28857421875
2018-02-14,1660.3516845703125,5182.892578125
2018-02-15,1667.410888671875,5124.31201171875
2018-02-16,1665.62109375,5052.29638671875
2018-02-19,1633.25830078125,4994.86376953125
2018-02-20,1629.3309326171875,5008.39794921875
2018-02-21,1587.2740478515625,4967.5966796875
2018-02-22,1591.151611328125,4946.02197265625
2018-02-23,1624.01171875,5013.7421875
2018-02-26,1665.32275390625,5186.83837890625
2018-02-27,1647.2772216796875,5115.322265625
2018-02-28,1630.8223876953125,5045.75439453125
2018-03-01,1649.8126220703125,4993.515625
2018-03-05,1627.541259765625,5031.52099609375
2018-03-06,1628.3367919921875,4974.78759765625
2018-03-07,1609.0482177734375,4830.45751953125
2018-03-08,1618.6925048828125,4858.87451171875
2018-03-09,1644.692138671875,4960.404296875
2018-03-12,1655.6787109375,5034.11767578125
2018-03-13,1671.0396728515625,5092.39892578125
2018-03-14,1700.2708740234375,5105.58349609375
2018-03-15,1716.3280029296875,5028.57470703125
2018-03-16,1678.198486328125,5005.45166015625
2018-03-19,1622.4705810546875,4957.60791015625
2018-03-20,1647.7742919921875,5074.86962890625
2018-03-21,1694.7528076171875,5125.4599609375
2018-03-22,1685.854248046875,5113.82421875
2018-03-23,1675.613525390625,5120.666015625
2018-03-26,1731.58984375,5144.9873046875
2018-03-27,1762.262451171875,5252.7607421875
2018-03-28,1757.390625,5165.46240234375
2018-04-02,1808.147216796875,5261.2001953125
2018-04-03,1823.707275390625,5375.26611328125
2018-04-04,1839.5654296875,5222.39599609375
2018-04-05,1904.5897216796875,5437.44287109375
2018-04-06,1926.4632568359375,5477.794921875
2018-04-09,1933.0750732421875,5554.75439453125
2018-04-10,1914.979736328125,5406.52880859375
2018-04-11,1913.5877685546875,5413.82080078125
2018-04-12,1918.2606201171875,5414.36962890625
2018-04-13,1903.3468017578125,5310.54150390625
2018-04-16,1932.1304931640625,5379.810546875
2018-04-17,1923.927978515625,5419.71337890625
2018-04-18,1915.7750244140625,5365.52734375
2018-04-19,1902.302978515625,5378.8623046875
2018-04-20,1869.592041015625,5280.1279296875
2018-04-23,1888.43310546875,5287.76953125
2018-04-24,1906.777099609375,5421.26123046875
2018-04-25,1888.93017578125,5427.90380859375
2018-04-26,1881.2247314453125,5332.9658203125
2018-04-27,1890.2227783203125,5428.8525390625
2018-04-30,1896.735107421875,5476.1474609375
2018-05-02,1894.1500244140625,5430.5009765625
2018-05-03,1863.5269775390625,5395.69189453125
2018-05-04,1846.7242431640625,5341.75537109375
2018-05-07,1884.555419921875,5394.9423828125
2018-05-08,1857.6610107421875,5334.4140625
2018-05-09,1838.471923828125,5343.20361328125
2018-05-10,1826.839111328125,5231.78515625
2018-05-11,1850.8006591796875,5339.15869140625
2018-05-14,1853.7833251953125,5380.1103515625
2018-05-15,1891.0181884765625,5391.14697265625
2018-05-16,1908.9146728515625,5312.93994140625
2018-05-17,2054.622314453125,5562.6953125
2018-05-18,2137.294189453125,5723.0556640625
2018-05-21,2093.3486328125,5715.31494140625
2018-05-22,2136.94677734375,5964.77099609375
2018-05-23,2066.453857421875,5783.23486328125
2018-05-24,2082.7099609375,5819.5419921875
2018-05-25,2103.837890625,6064.55419921875
2018-05-28,2082.908935546875,6002.27734375
2018-05-29,2065.16162109375,5880.92041015625
2018-05-30,2106.472412109375,5951.83642578125
2018-05-31,2097.772705078125,6035.13818359375
2018-06-01,2065.459716796875,5875.27685546875
2018-06-04,2050.993408203125,5741.7841796875
2018-06-05,2088.5263671875,5764.15771484375
2018-06-06,2148.231201171875,5907.78857421875
2018-06-07,2156.980712890625,6007.17138671875
2018-06-08,2174.281005859375,6018.408203125
2018-06-11,2237.3662109375,6061.80712890625
2018-06-12,2248.253173828125,6071.3955078125
2018-06-13,2218.2265625,6067.64990234375
2018-06-14,2230.3564453125,6020.9052734375
2018-06-15,2270.474609375,5972.06298828125
2018-06-18,2230.257080078125,5988.693359375
2018-06-19,2257.54931640625,5906.24072265625
2018-06-20,2254.765625,5940.54931640625
2018-06-21,2244.47509765625,5984.498046875
2018-06-22,2322.623291015625,6169.22998046875
2018-06-25,2376.859619140625,6158.39306640625
2018-06-26,2353.7431640625,6077.18896484375
2018-06-27,2322.076416015625,5968.06787109375
2018-06-28,2261.625732421875,5841.11669921875
2018-06-29,2283.1513671875,5814.24853515625
2018-07-02,2286.3330078125,5771.49853515625
2018-07-03,2307.759033203125,5878.27392578125
2018-07-04,2317.999755859375,6025.74951171875
2018-07-05,2320.738525390625,6063.6162109375
2018-07-06,2336.225830078125,6053.17529296875
2018-07-09,2338.56640625,6119.2666015625
2018-07-10,2356.79248046875,6194.29931640625
2018-07-11,2346.0859375,6108.82568359375
2018-07-12,2405.245849609375,6255.7451171875
2018-07-13,2458.629638671875,6318.83935546875
2018-07-16,2462.314697265625,6242.30712890625
2018-07-17,2459.17724609375,6340.419921875
2018-07-18,2478.6982421875,6360.052734375
2018-07-19,2510.02099609375,6291.3134765625
2018-07-20,2710.35888671875,6658.0380859375
2018-07-23,2744.66943359375,6916.95849609375
2018-07-24,2702.39111328125,6821.64306640625
2018-07-25,2694.12451171875,6943.33447265625
2018-07-26,2670.819091796875,7029.05859375
2018-07-27,2702.73974609375,6921.0546875
2018-07-30,2667.183837890625,6889.732421875
2018-07-31,2687.00341796875,6971.10986328125
2018-08-01,2711.802734375,6983.94873046875
2018-08-02,2673.01025390625,6897.2255859375
2018-08-03,2670.470458984375,6936.99072265625
2018-08-06,2685.360107421875,6912.91162109375
2018-08-07,2736.25390625,6987.9951171875
2018-08-08,2801.787841796875,7045.34423828125
2018-08-09,2818.71923828125,7068.8232421875
2018-08-10,2797.10693359375,7077.56591796875
2018-08-13,2749.2509765625,6939.28857421875
2018-08-14,2818.768798828125,7106.39013671875
2018-08-16,2845.0625,7069.72265625
2018-08-17,2839.68408203125,7091.0537109375
2018-08-20,2828.280517578125,7057.33349609375
2018-08-21,2860.201171875,7110.28662109375
2018-08-23,2882.162109375,7085.80810546875
2018-08-24,2904.8203125,7044.39501953125
2018-08-27,2938.83203125,7023.9130859375
2018-08-28,2920.755615234375,6965.265625
2018-08-29,2973.44189453125,6962.36767578125
2018-08-30,2914.92919921875,6923.751953125
2018-08-31,2845.0625,6741.8134765625
2018-09-03,2713.0478515625,6646.998046875
2018-09-04,2735.207763671875,6502.42626953125
2018-09-05,2705.9267578125,6497.28076171875
2018-09-06,2673.25927734375,6541.4912109375
2018-09-07,2733.1162109375,6594.2451171875
2018-09-10,2605.085693359375,6341.8193359375
2018-09-11,2590.245849609375,6356.505859375
2018-09-12,2583.52294921875,6407.26123046875
2018-09-14,2661.4072265625,6703.69775390625
2018-09-17,2594.080322265625,6544.13916015625
2018-09-18,2560.018310546875,6521.80908203125
2018-09-19,2489.45458984375,6306.44970703125
2018-09-21,2369.789794921875,6254.14697265625
2018-09-24,2251.6689453125,6062.26708984375
2018-09-25,2289.91357421875,6180.16259765625
2018-09-26,2306.19775390625,6207.03857421875
2018-09-27,2195.29736328125,5974.49462890625
2018-09-28,2159.24365234375,6000.8720703125
2018-10-01,2199.580078125,5876.63232421875
2018-10-03,2223.184326171875,5747.396484375
2018-10-04,2170.3486328125,5627.10400390625
2018-10-05,2015.128173828125,5370.880859375
2018-10-08,1966.8736572265625,5390.76318359375
2018-10-09,2052.526611328125,5424.28369140625
2018-10-10,2261.777587890625,5956.21142578125
2018-10-11,2153.36767578125,5587.0390625
2018-10-12,2278.111572265625,5808.39208984375
2018-10-15,2296.88525390625,5629.25146484375
2018-10-16,2299.524658203125,5652.08154296875
2018-10-17,2141.814453125,5375.47705078125
2018-10-19,2131.854736328125,5414.392578125
2018-10-22,2106.806396484375,5245.54248046875
2018-10-23,2074.935546875,5163.16552734375
2018-10-24,2302.462890625,5386.6669921875
2018-10-25,2325.569091796875,5362.8876953125
2018-10-26,2329.453369140625,5394.41015625
2018-10-29,2370.83544921875,5405.05078125
2018-10-30,2346.8330078125,5386.3671875
2018-10-31,2372.927001953125,5399.85546875
2018-11-01,2408.33349609375,5381.7216796875
2018-11-02,2373.674072265625,5520.39794921875
2018-11-05,2349.87060546875,5564.65869140625
2018-11-06,2330.2998046875,5586.0400390625
2018-11-07,2338.9150390625,5623.20703125
2018-11-09,2365.75634765625,5696.341796875
2018-11-12,2268.401123046875,5544.17724609375
2018-11-13,2275.77099609375,5566.75732421875
2018-11-14,2284.684814453125,5572.70166015625
2018-11-15,2331.84375,5592.134765625
2018-11-16,2392.3984375,5690.59716796875
2018-11-19,2351.414306640625,5720.87060546875
2018-11-20,2370.487060546875,5683.50341796875
2018-11-21,2420.733154296875,5846.7587890625
2018-11-22,2371.88134765625,5717.97265625
2018-11-26,2384.928466796875,5732.8095703125
2018-11-27,2425.61328125,5875.13330078125
2018-11-28,2402.805908203125,5813.2880859375
2018-11-29,2496.37646484375,6005.41796875
2018-11-30,2527.450439453125,5989.0322265625
2018-12-03,2498.517822265625,5993.9775390625
2018-12-04,2533.27685546875,6064.81494140625
2018-12-05,2484.026611328125,5897.263671875
2018-12-06,2422.57568359375,5662.47216796875
2018-12-07,2476.307861328125,5844.7099609375
2018-12-10,2385.87451171875,5688.8984375
2018-12-11,2416.948486328125,5821.97998046875
2018-12-12,2483.877197265625,5983.68701171875
2018-12-13,2479.046875,6153.935546875
2018-12-14,2476.307861328125,6172.16943359375
2018-12-17,2464.406005859375,6082.39892578125
2018-12-18,2521.972412109375,6147.19189453125
2018-12-19,2586.411376953125,6399.767578125
2018-12-20,2580.933349609375,6399.26806640625
2018-12-21,2580.7841796875,6354.45751953125
2018-12-24,2554.54052734375,6268.8837890625
2018-12-26,2557.030517578125,6433.33740234375
2018-12-27,2576.700439453125,6399.36767578125
2018-12-28,2624.158447265625,6497.130859375
2018-12-31,2634.466552734375,6471.2041015625
2019-01-01,2646.119384765625,6516.1640625
2019-01-02,2603.4921875,6378.33642578125
2019-01-03,2575.75439453125,6377.63720703125
2019-01-04,2565.645751953125,6404.76318359375
2019-01-07,2543.2861328125,6401.4658203125
2019-01-08,2526.80322265625,6437.333984375
2019-01-09,2514.154296875,6393.4228515625
2019-01-10,2504.493408203125,6366.29736328125
2019-01-11,2504.04541015625,6365.9970703125
2019-01-14,2534.521728515625,6363.1494140625
2019-01-15,2593.681884765625,6503.9248046875
2019-01-16,2559.470703125,6459.11474609375
2019-01-17,2525.65771484375,6353.35888671875
2019-01-18,2532.62939453125,6244.35546875
2019-01-21,2583.72216796875,6378.8857421875
2019-01-22,2611.310302734375,6429.8408203125
2019-01-23,2623.710205078125,6487.38916015625
2019-01-24,2625.0048828125,6401.61572265625
2019-01-25,2589.05078125,6315.94189453125
2019-01-28,2448.5703125,6045.53173828125
2019-01-29,2505.389892578125,6227.52001953125
2019-01-30,2585.01708984375,6241.658203125
2019-01-31,2564.450439453125,6086.4951171875
2019-02-01,2617.783935546875,6091.54150390625
2019-02-04,2583.97119140625,6003.869140625
2019-02-05,2593.08447265625,6011.76171875
2019-02-06,2700.299560546875,6203.1416015625
2019-02-07,2685.708740234375,6247.552734375
2019-02-08,2696.2158203125,6177.21533203125
2019-02-11,2646.4677734375,6090.84130859375
2019-02-12,2611.2109375,6090.9912109375
2019-02-14,2598.66162109375,6030.24560546875
2019-02-15,2550.756103515625,6020.10498046875
2019-02-18,2539.15283203125,5879.92919921875
2019-02-19,2549.461181640625,5964.4541015625
2019-02-20,2595.6240234375,5993.12890625
2019-02-21,2643.977783203125,6163.62744140625
2019-02-22,2629.735595703125,6190.1533203125
2019-02-25,2647.015625,6327.93115234375
2019-02-26,2647.015625,6446.92529296875
2019-02-27,2631.3291015625,6414.15478515625
2019-02-28,2638.30078125,6456.71728515625
2019-03-01,2650.00341796875,6434.88623046875
2019-03-05,2684.264404296875,6537.9443359375
2019-03-06,2755.525634765625,6603.28662109375
2019-03-07,2723.754638671875,6592.64599609375
2019-03-08,2757.119140625,6611.080078125
2019-03-11,2779.777099609375,6777.58203125
2019-03-12,2741.9306640625,6854.8134765625
2019-03-13,2816.727294921875,6892.08056640625
2019-03-14,2796.758544921875,6925.9501953125
2019-03-15,2849.195556640625,6921.80419921875
2019-03-18,2917.7177734375,6957.822265625
2019-03-19,2909.102783203125,6969.46142578125
2019-03-20,2857.01416015625,6947.33154296875
2019-03-22,2825.19287109375,6953.875
2019-03-25,2838.289794921875,6911.11328125
2019-03-26,2922.49853515625,6981.65087890625
2019-03-27,2933.3544921875,6974.15771484375
2019-03-28,2983.750244140625,6946.3818359375
2019-04-01,2989.327392578125,7152.44873046875
2019-04-02,3042.8603515625,7273.14208984375
2019-04-03,3033.697265625,7394.9833984375
2019-04-04,3027.173828125,7312.05712890625
2019-04-05,3101.6220703125,7391.23681640625
2019-04-08,3011.885986328125,7340.73193359375
2019-04-09,2996.548095703125,7372.65380859375
2019-04-10,2986.239990234375,7416.71435546875
2019-04-11,3035.5400390625,7556.041015625
2019-04-12,2996.647705078125,7530.1640625
2019-04-15,3010.04345703125,7502.48779296875
2019-04-16,3020.251953125,7572.2265625
2019-04-18,3002.27490234375,7564.43310546875
2019-04-22,2979.168701171875,7466.12060546875
2019-04-23,3022.791748046875,7488.40087890625
2019-04-24,3080.5576171875,7631.173828125
2019-04-25,3068.55615234375,7662.69580078125
2019-04-26,3084.34228515625,7714.400390625
2019-04-30,3083.445556640625,7513.7783203125
2019-05-02,3119.10107421875,7572.12646484375
2019-05-03,3099.28173828125,7617.43603515625
2019-05-06,3022.044677734375,7661.1474609375
2019-05-07,3004.8642578125,7555.24169921875
2019-05-08,2909.501220703125,7339.2333984375
2019-05-09,2959.34912109375,7460.6748046875
2019-05-10,2911.044921875,7377.1494140625
2019-05-13,2920.0087890625,7340.83154296875
2019-05-14,2870.21044921875,7359.16552734375
2019-05-15,2990.622314453125,7448.0869140625
2019-05-16,3097.48876953125,7610.6923828125
2019-05-17,3287.76708984375,7985.859375
2019-05-20,3393.787109375,8227.6943359375
2019-05-21,3419.433349609375,8178.13818359375
2019-05-22,3434.969970703125,8214.255859375
2019-05-23,3364.107421875,8006.1904296875
2019-05-24,3453.8935546875,8144.46826171875
2019-05-27,3435.06982421875,8205.763671875
2019-05-28,3396.028076171875,8121.33837890625
2019-05-29,3395.48046875,8124.53564453125
2019-05-30,3467.587646484375,8219.6015625
2019-05-31,3453.0966796875,8180.6865234375
2019-06-03,3496.869140625,8340.693359375
2019-06-04,3516.887939453125,8305.4755859375
2019-06-06,3439.003662109375,8117.9921875
2019-06-07,3495.275390625,8195.0732421875
2019-06-10,3505.384765625,8297.08203125
2019-06-11,3537.50439453125,8263.3134765625
2019-06-12,3491.690185546875,8238.2841796875
2019-06-13,3530.18408203125,8284.9931640625
2019-06-14,3504.189208984375,8227.8447265625
2019-06-17,3452.499267578125,8114.0947265625
2019-06-18,3495.12646484375,8238.9345703125
2019-06-19,3511.260986328125,8249.6748046875
2019-06-20,3568.08056640625,8410.3818359375
2019-06-21,3551.447998046875,8385.0048828125
2019-06-24,3531.03076171875,8347.2392578125
2019-06-25,3565.391357421875,8338.74609375
2019-06-26,3613.296875,8403.0390625
2019-06-27,3627.4892578125,8436.4091796875
2019-06-28,3666.232421875,8517.087890625
2019-07-01,3684.06005859375,8513.490234375
2019-07-02,3696.111328125,8467.33203125
2019-07-03,3700.393798828125,8422.970703125
2019-07-04,3717.4248046875,8529.9765625
2019-07-05,3704.128662109375,8427.8662109375
2019-07-08,3399.513916015625,7586.3134765625
2019-07-09,3588.547607421875,7848.43115234375
2019-07-10,3415.200439453125,7651.40625
2019-07-11,3443.13623046875,7641.412109375
2019-07-12,3369.7548828125,7721.3671875
2019-07-15,3404.275634765625,7710.12353515625
2019-07-16,3440.79150390625,7877.279296875
2019-07-17,3455.358154296875,7850.14453125
2019-07-18,3459.697998046875,7843.24853515625
2019-07-19,3315.479736328125,7562.1064453125
2019-07-22,3239.155029296875,7158.43310546875
2019-07-23,3269.385498046875,7166.32861328125
2019-07-24,3166.2724609375,7061.3369140625
2019-07-25,3039.513916015625,6778.49560546875
2019-07-26,3257.11376953125,7228.943359375
2019-07-29,3245.19091796875,7116.85595703125
2019-07-30,3242.497314453125,7074.080078125
2019-07-31,3244.592529296875,7093.869140625
2019-08-01,3214.711181640625,7078.02783203125
2019-08-02,3230.474853515625,7059.73828125
2019-08-05,3152.803466796875,6983.03125
2019-08-06,3264.74609375,7092.3701171875
2019-08-07,3258.31103515625,7148.4384765625
2019-08-08,3327.052978515625,7286.361328125
2019-08-09,3411.85791015625,7499.791015625
2019-08-13,3214.4619140625,7085.173828125
2019-08-14,3282.405517578125,7411.041015625
2019-08-16,3329.547119140625,7435.22705078125
2019-08-19,3320.418212890625,7372.5126953125
2019-08-20,3286.546142578125,7232.09130859375
2019-08-21,3253.970947265625,7141.84228515625
2019-08-22,3106.958984375,6763.55419921875
2019-08-23,3167.07080078125,6880.73876953125
2019-08-26,3316.626953125,7186.7666015625
2019-08-27,3350.050048828125,7122.5029296875
2019-08-28,3318.72216796875,7032.00390625
2019-08-29,3291.734130859375,6975.93505859375
2019-08-30,3324.85791015625,7115.556640625
2019-09-03,3251.027587890625,7022.35888671875
2019-09-04,3242.796630859375,7019.1611328125
2019-09-05,3285.149169921875,6997.123046875
2019-09-06,3365.26513671875,7171.875
2019-09-09,3429.4677734375,7319.84228515625
2019-09-11,3408.5654296875,7350.0751953125
2019-09-12,3374.59375,7287.8603515625
2019-09-13,3419.49072265625,7384.60595703125
2019-09-16,3411.010009765625,7276.16650390625
2019-09-17,3360.675537109375,7146.4892578125
2019-09-18,3406.021484375,7250.98046875
2019-09-19,3354.34033203125,7184.6181640625
2019-09-20,3693.710205078125,7689.33447265625
2019-09-23,4014.52294921875,8293.095703125
2019-09-24,3952.6650390625,8236.078125
2019-09-25,3921.8857421875,8250.96875
2019-09-26,3991.62548828125,8459.8515625
2019-09-27,4048.095703125,8545.5537109375
2019-09-30,4036.771728515625,8508.2255859375
2019-10-01,3983.24462890625,8453.60546875
2019-10-03,3950.719482421875,8441.712890625
2019-10-04,3894.99755859375,8296.0947265625
2019-10-07,3891.95458984375,8215.3896484375
2019-10-09,4014.67236328125,8313.583984375
2019-10-10,3939.844482421875,8197.2490234375
2019-10-11,3964.088623046875,8164.8681640625
2019-10-14,3874.39501953125,8077.716796875
2019-10-15,3870.5537109375,8031.3427734375
2019-10-16,4007.189697265625,8129.7373046875
2019-10-17,4097.38232421875,8311.9853515625
2019-10-18,4128.16162109375,8261.314453125
2019-10-22,4024.89892578125,8004.35791015625
2019-10-23,4029.08935546875,8066.42333984375
2019-10-24,4016.917236328125,8086.4619140625
2019-10-25,3978.1064453125,7967.6787109375
2019-10-29,4037.968994140625,8146.328125
2019-10-30,3982.845703125,8077.86669921875
2019-10-31,4018.314208984375,8129.78759765625
2019-11-01,4060.517333984375,8380.046875
2019-11-04,4103.568359375,8701.7158203125
2019-11-05,4218.10498046875,8840.7890625
2019-11-06,4178.5458984375,8767.9287109375
2019-11-07,4216.15966796875,8827.9462890625
2019-11-08,4149.912109375,8813.9033203125
2019-11-11,4159.4892578125,8898.3056640625
2019-11-13,4135.04541015625,8973.3134765625
2019-11-14,4200.89453125,9056.7666015625
2019-11-15,4177.9970703125,9052.76953125
2019-11-18,4145.3720703125,9099.1435546875
2019-11-19,4126.26611328125,9147.666015625
2019-11-20,4129.0595703125,9074.1572265625
2019-11-21,4114.19384765625,9050.0205078125
2019-11-22,4068.94775390625,9034.2294921875
2019-11-25,4132.20263671875,9169.853515625
2019-11-26,4088.951904296875,9116.18359375
2019-11-27,4108.90625,9223.2744140625
2019-11-28,4092.64306640625,9234.9169921875
2019-11-29,4064.857177734375,9105.140625
2019-12-02,3941.390869140625,8943.28125
2019-12-03,3955.458740234375,9084.6513671875
2019-12-04,3981.698486328125,9025.185546875
2019-12-05,3981.698486328125,8960.4716796875
2019-12-06,3942.588134765625,8848.1337890625
2019-12-09,3935.803955078125,8923.9921875
2019-12-10,3977.70751953125,8922.193359375
2019-12-11,4027.54296875,9074.0078125
2019-12-12,4047.84619140625,9164.107421875
2019-12-13,4062.6123046875,9205.1337890625
2019-12-16,4030.186767578125,9282.8896484375
2019-12-17,4126.26611328125,9356.4990234375
2019-12-18,4109.90380859375,9357.3486328125
2019-12-19,4082.466796875,9265.5498046875
2019-12-20,4126.11669921875,9274.8447265625
2019-12-23,4150.46044921875,9298.8310546875
2019-12-24,4130.00732421875,9289.63671875
2019-12-26,4177.49853515625,9344.85546875
2019-12-27,4242.89794921875,9437.853515625
2019-12-30,4233.5693359375,9433.90625
2019-12-31,4225.0390625,9388.0810546875
2020-01-01,4221.5966796875,9373.1904296875
2020-01-02,4236.31298828125,9500.2685546875
2020-01-03,4183.833984375,9340.607421875
2020-01-06,3987.534912109375,9037.6279296875
2020-01-07,3998.459716796875,9090.548828125
2020-01-08,4040.662841796875,9140.3701171875
2020-01-09,4114.74267578125,9389.98046875
2020-01-10,4135.34521484375,9366.9931640625
2020-01-13,4154.9501953125,9449.9462890625
2020-01-14,4183.384765625,9549.490234375
2020-01-15,4197.60205078125,9583.7724609375
2020-01-16,4210.572265625,9616.75390625
2020-01-17,4222.0458984375,9709.55078125
2020-01-20,4143.07763671875,9567.380859375
2020-01-21,4129.109375,9528.9521484375
2020-01-22,4132.70166015625,9542.14453125
2020-01-23,4116.3388671875,9528.8525390625
2020-01-24,4184.88134765625,9628.3466796875
2020-01-27,4154.80029296875,9552.2392578125
2020-01-28,4203.3388671875,9625.8974609375
2020-01-29,4408.86669921875,9888.7001953125
2020-01-30,4354.29150390625,9634.244140625
2020-01-31,4355.88818359375,9436.1044921875
2020-02-03,4349.353515625,9081.0537109375
2020-02-04,4508.88671875,9529.552734375
2020-02-05,4517.81640625,9586.0205078125
2020-02-06,4655.6494140625,9614.3046875
2020-02-07,4643.62646484375,9617.90234375
2020-02-10,4710.92236328125,9621.6005859375
2020-02-11,4738.458984375,9726.1416015625
2020-02-12,4757.7646484375,9766.369140625
2020-02-13,4784.353515625,9711.75
2020-02-14,4770.78466796875,9685.064453125
2020-02-17,4765.6962890625,9523.5048828125
2020-02-18,4747.0888671875,9524.1552734375
2020-02-19,4866.86376953125,9753.1767578125
2020-02-20,4869.25830078125,9704.25390625
2020-02-24,4792.93408203125,9461.5908203125
2020-02-25,4814.88330078125,9519.6572265625
2020-02-26,4798.9697265625,9381.7353515625
2020-02-27,4748.884765625,9402.7236328125
